run_id,task_id,owner_id,pickup_location,dropoff_location,created_ts,assigned_ts,completed_ts,allocation_latency_sec,execution_time_sec,total_time_sec,final_state
20260929_164735,demo_task_001,amr1,shelff_01_001,charging_station,1790680666.771,1790680667.772,1790680699.583,1.001,31.811,32.812,COMPLETED
20260929_164735,demo_task_003,amr3,shelfe_01_002,station_01,1790680678.771,1790680679.772,1790680739.182,1.001,59.410,60.411,COMPLETED
20260929_165649,demo_task_001,amr1,shelff_01_001,charging_station,1790681221.668,1790681222.670,1790681264.531,1.002,41.861,42.862,COMPLETED
20260929_165649,demo_task_003,amr3,shelfe_01_002,station_01,1790681233.668,1790681234.670,1790681294.031,1.002,59.361,60.363,COMPLETED
20260929_174045,demo_task_001,amr3,packing_area,station_01,1790683855.692,1790683856.693,1790683884.303,1.001,27.610,28.611,COMPLETED
20260929_174045,demo_task_003,amr1,shelfe_01_001,packing_area,1790683867.692,1790683868.693,1790683914.104,1.001,45.412,46.413,COMPLETED
20260929_174715,demo_task_001,amr3,packing_area,station_01,1790684245.502,1790684246.503,1790684282.152,1.001,35.649,36.650,COMPLETED
20260929_174715,demo_task_003,amr1,shelfe_01_001,packing_area,1790684257.502,1790684258.503,1790684299.483,1.001,40.980,41.981,COMPLETED
20260929_175841,demo_task_003,amr1,shelfe_01_001,packing_area,1790684947.756,1790684948.757,1790684982.816,1.001,34.060,35.061,COMPLETED
20260929_175841,demo_task_001,amr3,packing_area,station_01,1790684935.756,1790684936.757,1790685013.026,1.001,76.269,77.271,COMPLETED
20260929_175841,demo_task_002,amr2,shelff_01_001,station_02,1790684941.756,1790684942.757,1790685039.356,1.001,96.599,97.600,COMPLETED
20260929_181404,demo_task_002,amr3,shelff_01_001,shelfe_01_001,1790685861.526,1790685862.527,1790685892.556,1.001,30.029,31.030,COMPLETED
20260929_181404,demo_task_003,amr1,shelfe_01_002,shelfd_01_001,1790685867.526,1790685868.527,1790685899.232,1.001,30.705,31.706,COMPLETED
20260929_181937,demo_task_003,amr1,shelfe_01_002,shelfd_01_001,1790686201.899,1790686202.901,1790686235.010,1.002,32.109,33.111,COMPLETED
20260929_181937,demo_task_001,amr2,station_01,packing_area,1790686189.899,1790686190.900,1790686235.211,1.001,44.310,45.312,COMPLETED
20260929_181937,demo_task_002,amr3,shelff_01_001,shelfe_01_001,1790686195.899,1790686196.901,1790686244.209,1.002,47.308,48.310,COMPLETED
20260929_182419,demo_task_003,amr1,shelfe_01_002,shelfd_01_001,1790686484.700,1790686485.702,1790686517.562,1.001,31.860,32.861,COMPLETED
20260929_182419,demo_task_001,amr2,station_01,packing_area,1790686472.700,1790686473.702,1790686517.978,1.002,44.275,45.277,COMPLETED
20260929_182419,demo_task_002,amr3,shelff_01_001,shelfe_01_001,1790686478.700,1790686479.702,1790686527.463,1.002,47.760,48.762,COMPLETED
